Website,Price,Make,Model,Year,Kilometers
https://carget.ca,"$11,887",Ford,Explorer,2011,N/A
https://carget.ca,$327,Land,Rover,2021,N/A
https://carget.ca,$222,Volkswagen,Tiguan,2022,N/A
https://carget.ca,"$13,995",Volvo,XC60,2012,N/A
https://carget.ca,$243,Audi,A4,2019,N/A
https://carget.ca,$348,Ford,F-150,2020,N/A
https://carget.ca,$444,Ford,F-150,2020,N/A
https://carget.ca,$278,BMW,2,2021,N/A
https://carget.ca,"$15,995",Nissan,Murano,2012,N/A
https://carget.ca,"$29,995",Ram,2500,2016,N/A
https://carget.ca,$188,BMW,X1,2018,N/A
https://carget.ca,$209,Mercedes-Benz,C-Class,2017,N/A
https://carget.ca,$243,Acura,MDX,2020,N/A
https://carget.ca,$181,Audi,Q5,2017,N/A
https://carget.ca,$139,BMW,X1,2017,N/A
https://carget.ca,$174,Chevrolet,Colorado,2016,N/A
https://carget.ca,"$12,995",BMW,3,2009,N/A
https://carget.ca,$291,Honda,Pilot,2021,N/A
https://carsrussaskatoon.com,"$21,995",Mercedes-Benz,GLK-Class,2011,N/A
https://carsrussaskatoon.com,"$11,995",Chevrolet,Impala,2006,N/A
https://carsrussaskatoon.com,"$18,995",Acura,RDX,2010,N/A
https://carsrussaskatoon.com,"$28,995",Infiniti,QX80,2014,N/A
https://carsrussaskatoon.com,"$36,995",Toyota,Sienna,2015,N/A
https://carsrussaskatoon.com,"$27,995",Nissan,Pathfinder,2018,N/A
https://carsrussaskatoon.com,"$16,995",Volkswagen,Tiguan,2015,N/A
https://jubileeford.com,$123,Ford,Maverick,2024,N/A
https://jubileeford.com,$119,Ford,Escape,2025,N/A
https://jubileeford.com,$122,Ford,Escape,2025,N/A
https://jubileeford.com,"$40,113",Ford,Escape,2025,N/A
https://jubileeford.com,$122,Ford,Escape,2025,N/A
https://jubileeford.com,$123,Ford,Escape,2025,N/A
https://jubileeford.com,"$40,713",Ford,Escape,2025,N/A
https://jubileeford.com,$128,Ford,Escape,2025,N/A
https://jubileeford.com,$138,Ford,Bronco,2025,N/A
https://jubileeford.com,$138,Ford,Bronco,2025,N/A
https://jubileeford.com,"$42,404",Ford,Bronco,2025,N/A
https://jubileeford.com,"$42,404",Ford,Bronco,2025,N/A
https://jubileeford.com,"$42,404",Ford,Bronco,2025,N/A
https://jubileeford.com,"$42,404",Ford,Bronco,2025,N/A
https://jubileeford.com,$140,Ford,Bronco,2025,N/A
https://jubileeford.com,$133,Ford,Escape,2025,N/A
https://jubileeford.com,$133,Ford,Escape,2025,N/A
https://jubileeford.com,$143,Ford,Bronco,2025,N/A
https://carmatcher.ca,$164,Hyundai,Tucson,2018,N/A
https://carmatcher.ca,$360,Ram,1500,2021,N/A
https://carmatcher.ca,$542,Ford,Mustang,2022,N/A
https://carmatcher.ca,$159,Hyundai,Elantra,2022,N/A
https://carmatcher.ca,$341,Ford,Bronco,2023,N/A
https://carmatcher.ca,$323,Ford,F-150,2021,N/A
https://carmatcher.ca,$141,Nissan,Rogue,2017,N/A
https://carmatcher.ca,$287,Ford,F-150,2018,N/A
https://carmatcher.ca,$77,Kia,Optima,2016,N/A
https://carmatcher.ca,"$16,900",Ford,F-150,2012,N/A
https://carmatcher.ca,$186,Mazda,CX-5,2020,N/A
https://carmatcher.ca,$525,Ford,F-150,2023,N/A
https://carmatcher.ca,$195,Ford,F-150,2017,N/A
https://carmatcher.ca,$735,BMW,X5,2024,N/A
https://carmatcher.ca,$332,Ford,Mustang,2022,N/A
https://carmatcher.ca,"$19,995",Ford,F-150,2015,N/A
https://carmatcher.ca,$452,Jeep,Wrangler,2023,N/A
https://carmatcher.ca,$131,Ford,Fusion,2020,N/A
https://cadillacsaskatoon.com,"$11,000",Volkswagen,Touareg,2014,N/A
https://cadillacsaskatoon.com,"$10,990",Chevrolet,Cruze,2015,N/A
https://cadillacsaskatoon.com,"$28,990",Chevrolet,Colorado,2015,N/A
https://cadillacsaskatoon.com,$175,Ram,1500,2016,N/A
https://cadillacsaskatoon.com,$199,Ford,Explorer,2016,N/A
https://cadillacsaskatoon.com,N/A,GMC,Sierra,2016,N/A
https://cadillacsaskatoon.com,$350,GMC,Sierra,2017,N/A
https://cadillacsaskatoon.com,$183,GMC,Terrain,2018,N/A
https://cadillacsaskatoon.com,$260,Cadillac,XT4,2019,N/A
https://cadillacsaskatoon.com,$214,GMC,Acadia,2019,N/A
https://cadillacsaskatoon.com,$161,Chevrolet,Equinox,2019,N/A
https://cadillacsaskatoon.com,N/A,Chevrolet,Impala,2019,N/A
https://cadillacsaskatoon.com,$245,Jeep,WRANGLER,2020,N/A
https://cadillacsaskatoon.com,$140,Hyundai,Elantra,2020,N/A
https://cadillacsaskatoon.com,$280,Cadillac,XT6,2020,N/A
https://cadillacsaskatoon.com,$161,Hyundai,Tucson,2020,N/A
https://cadillacsaskatoon.com,$308,Chevrolet,Silverado,2020,N/A
https://cadillacsaskatoon.com,$161,Hyundai,Sonata,2020,N/A
